[
    {
        "spritesheet": "images/trackers/red.png",
        "width":10,
        "height":9,
        "colorkey":[0,0,0],
        "scale": 1.3,
        "animations":{
            "show":{
                "loop": true,
                "frames": 1,
                "column":0,
                "row":0,
                "direction":"x"
            }
        }
    },
    {
        "spritesheet": "images/empty.png",
        "width":16,
        "height":16,
        "colorkey":[0,0,0],
        "animations":{
            "empty":{
                "loop": true,
                "frames": 1,
                "column":0,
                "row":0,
                "direction":"x"
            }
        }
    }

]