[
    {
        "spritesheet": "images/explosion.png",
        "width":288,
        "height":300,
        "colorkey":[36,35,41],
        "scale": 0.2,
        "animations":{
            "explosion":{
                "loop": false,
                "frames": 10,
                "column":1,
                "row":0,
                "direction":"x", 
                "next": "default"
            },
            "default":{
                "loop": true,
                "frames": 1,
                "column":0,
                "row":0,
                "direction":"x"
            }
        }
    }
]