[
    {
        "spritesheet": "images\\ironman\\ironman_walk.png",
        "colorkey": [255, 255, 255],
        "width": 127,
        "height": 266,
        "scale":0.2,
        "animations": {
            "default": {
                "loop": true,
                "frames": 1,
                "column": 0,
                "row": 0,
                "direction": "x"
                
            },
            "walk": {
                "loop": true,
                "frames": 1,
                "column": 0,
                "row": 0,
                "direction": "x"
            },
            "jump": {
                "loop": true,
                "frames": 1,
                "column": 0,
                "row": 0,
                "direction": "x"
            }
        }
    },
    {
        "spritesheet": "images\\ironman\\ironman_defend.png",
        "colorkey": [255, 255, 255],
        "width": 143,
        "height": 266,
        "scale":0.2,
        "animations": {
            "fall": {
                "loop": true,
                "frames": 1,
                "column": 0,
                "row": 0,
                "direction": "x"
                
            },
            "protect": {
                "loop": true,
                "frames": 1,
                "column": 0,
                "row": 0,
                "direction": "x"
                
            }
        }
    },
    {
        "spritesheet": "images\\ironman\\ironman_repulsor.png",
        "colorkey": [255, 255, 255],
        "width": 236,
        "height": 266,
        "scale":0.2,
        "animations": {
          "shoot": {
                "loop": true,
                "frames": 1,
                "column": 0,
                "row": 0,
                "direction": "x"
               
            }
        }
    },
    {
        "spritesheet": "images\\ironman\\ironman_system_reboot.png",
        "colorkey": [255, 255, 255],
        "width": 193,
        "height": 266,
        "scale":0.2,
        "animations": {
            "die": {
                "loop": true,
                "frames": 1,
                "column": 0,
                "row": 0,
                "direction": "x"
                
            }
        }
    },
    {
        "spritesheet": "images\\ironman\\ironman_forearm_missile.png",
        "colorkey": [255, 255, 255],
        "width": 234,
        "height": 266,
        "scale":0.2,
        "animations": {
            "forearm_missile": {
                 "loop": true,
                 "frames": 1,
                 "column": 0,
                 "row": 0,
                 "direction": "x"
                
            }
        }
    },
    {
        "spritesheet": "images\\ironman\\ironman_punch.png",
        "colorkey": [255, 255, 255],
        "width": 248,
        "height": 266,
        "scale":0.2,
        "animations": {
            "punch": {
                "loop": true,
                "frames": 1,
                "column": 0,
                "row": 0,
                "direction": "x"
            }
        }
    }
]
 

